<?xml version="1.0"?>
<config>
    <tabs>
        <magazento translate="label">
            <label>Magazento.com</label>
            <sort_order>250</sort_order>
        </magazento>
    </tabs>
    <sections>
        <megamenu translate="label" module="megamenu">
            <label>Megamenu</label>
            <tab>magazento</tab>
            <frontend_type>text</frontend_type>
            <sort_order>100</sort_order>
            <show_in_default>1</show_in_default>
            <show_in_website>1</show_in_website>
            <show_in_store>1</show_in_store>
            <groups>
                <options translate="label">
                    <label>Main options</label>
                    <frontend_type>text</frontend_type>
                    <sort_order>10</sort_order>
                    <show_in_default>1</show_in_default>
                    <show_in_website>1</show_in_website>
                    <show_in_store>1</show_in_store>
                    <fields>
                        <menuskin translate="label">
                            <label>Menu skin</label>
                            <frontend_type>select</frontend_type>
                            <source_model>megamenu/source_menuskin</source_model>
                            <sort_order>60</sort_order>
                            <show_in_default>1</show_in_default>
                            <show_in_website>1</show_in_website>
                            <show_in_store>0</show_in_store>
                        </menuskin>
                        <maximumsubcat translate="label">
                            <label>Subcat number</label>
                            <frontend_type>select</frontend_type>
                            <source_model>megamenu/source_maximumsubcat</source_model>
                            <sort_order>60</sort_order>
                            <show_in_default>1</show_in_default>
                            <show_in_website>1</show_in_website>
                            <show_in_store>0</show_in_store>
                        </maximumsubcat>
                        <userows translate="label">
                            <label>Use rows</label>
                            <frontend_type>select</frontend_type>
                            <source_model>adminhtml/system_config_source_yesno</source_model>
                            <comment>
                                Use this option to split columns into rows.
                                Sometimes it is convenient to use the rubrics partition,
                                especially if you have a large single-level catalog.
                            </comment>
                            <sort_order>60</sort_order>
                            <show_in_default>1</show_in_default>
                            <show_in_website>1</show_in_website>
                            <show_in_store>0</show_in_store>
                        </userows>
                        <moretext translate="label">
                            <label>More text</label>
                            <frontend_type>text</frontend_type>
                            <comment>More text for categories</comment>
                            <sort_order>60</sort_order>
                            <show_in_default>1</show_in_default>
                            <show_in_website>1</show_in_website>
                            <show_in_store>0</show_in_store>
                        </moretext>
                    </fields>
                </options>
                <allpages translate="label">
                    <label>"All pages" item options</label>
                    <frontend_type>text</frontend_type>
                    <sort_order>10</sort_order>
                    <show_in_default>1</show_in_default>
                    <show_in_website>1</show_in_website>
                    <show_in_store>1</show_in_store>
                    <fields>
                        <enable translate="label">
                            <label>Enable</label>
                            <frontend_type>select</frontend_type>
                            <source_model>adminhtml/system_config_source_yesno</source_model>
                            <sort_order>51</sort_order>
                            <show_in_default>1</show_in_default>
                            <show_in_website>1</show_in_website>
                            <show_in_store>1</show_in_store>
                        </enable>
                        <title translate="label">
                            <label>Title text</label>
                            <frontend_type>text</frontend_type>
                            <sort_order>60</sort_order>
                            <show_in_default>1</show_in_default>
                            <show_in_website>1</show_in_website>
                            <show_in_store>0</show_in_store>
                        </title>
<!--                        <url translate="label">
                            <label>Url</label>
                            <frontend_type>text</frontend_type>
                            <sort_order>60</sort_order>
                            <show_in_default>1</show_in_default>
                            <show_in_website>1</show_in_website>
                            <show_in_store>0</show_in_store>
                        </url>-->
                        <itemalign translate="label">
                            <label>Item align</label>
                            <frontend_type>select</frontend_type>
                            <source_model>megamenu/source_align</source_model>
                            <sort_order>61</sort_order>
                            <show_in_default>1</show_in_default>
                            <show_in_website>1</show_in_website>
                            <show_in_store>0</show_in_store>
                        </itemalign>
                        <contentalign translate="label">
                            <label>Content align</label>
                            <frontend_type>select</frontend_type>
                            <source_model>megamenu/source_align</source_model>
                            <sort_order>62</sort_order>
                            <show_in_default>1</show_in_default>
                            <show_in_website>1</show_in_website>
                            <show_in_store>0</show_in_store>
                        </contentalign>
                    </fields>
                </allpages>
                <licence translate="label">
                    <label>Licence key</label>
                    <frontend_type>text</frontend_type>
                    <sort_order>99</sort_order>
                    <show_in_default>1</show_in_default>
                    <show_in_website>1</show_in_website>
                    <show_in_store>1</show_in_store>
                    <fields>
                        <email translate="label">
                            <label>E-mail</label>
                            <frontend_type>text</frontend_type>
                            <sort_order>11</sort_order>
                            <show_in_default>1</show_in_default>
                            <show_in_website>1</show_in_website>
                            <show_in_store>0</show_in_store>
                        </email>
                        <serial translate="label">
                            <label>Serial</label>
                            <frontend_type>text</frontend_type>
                            <sort_order>22</sort_order>
                            <show_in_default>1</show_in_default>
                            <show_in_website>1</show_in_website>
                            <show_in_store>0</show_in_store>
                        </serial>
                    </fields>
                </licence>
                <info translate="label">
                    <label>About</label>
                    <frontend_type>text</frontend_type>
                    <frontend_model>megamenu/info</frontend_model>
                    <sort_order>500</sort_order>
                    <show_in_default>1</show_in_default>
                    <show_in_website>1</show_in_website>
                    <show_in_store>1</show_in_store>
                </info>
            </groups>
        </megamenu>
    </sections>
</config>