<?xml version="1.0" ?>

<container xmlns="http://symfony.com/schema/dic/services"
           xmlns:xsi="http://www.w3.org/2001/XMLSchema-instance"
           xsi:schemaLocation="http://symfony.com/schema/dic/services http://symfony.com/schema/dic/services/services-1.0.xsd">

    <parameters>
        <parameter key="libphonenumber.phone_number_util.class">libphonenumber\PhoneNumberUtil</parameter>
        <parameter key="misd_phone_number.templating.helper.format.class">Misd\PhoneNumberBundle\Templating\Helper\PhoneNumberFormatHelper</parameter>
        <parameter key="misd_phone_number.twig.extension.format.class">Misd\PhoneNumberBundle\Twig\Extension\PhoneNumberFormatExtension</parameter>
        <parameter key="misd_phone_number.form.type.class">Misd\PhoneNumberBundle\Form\Type\PhoneNumberType</parameter>
        <parameter key="misd_phone_number.serializer.handler.class">Misd\PhoneNumberBundle\Serializer\Handler\PhoneNumberHandler</parameter>
    </parameters>

    <services>

        <service id="libphonenumber.phone_number_util" class="%libphonenumber.phone_number_util.class%"
                 factory-class="%libphonenumber.phone_number_util.class%" factory-method="getInstance"/>

        <service id="misd_phone_number.templating.helper.format"
                 class="%misd_phone_number.templating.helper.format.class%">
            <tag name="templating.helper" alias="phone_number_format"/>
            <argument type="service" id="libphonenumber.phone_number_util"/>

        </service>

        <service id="misd_phone_number.twig.extension.format" class="%misd_phone_number.twig.extension.format.class%"
                 public="false">
            <tag name="twig.extension"/>
            <argument type="service" id="misd_phone_number.templating.helper.format"/>
        </service>

        <service id="misd_phone_number.form.type" class="%misd_phone_number.form.type.class%">
            <tag name="form.type" alias="tel"/>
        </service>

        <service id="misd_phone_number.serializer.handler" class="%misd_phone_number.serializer.handler.class%">
            <tag name="jms_serializer.handler" type="libphonenumber\PhoneNumber" direction="serialization"
                 format="json" method="serializePhoneNumber"/>
            <tag name="jms_serializer.handler" type="libphonenumber\PhoneNumber" direction="deserialization"
                 format="json" method="deserializePhoneNumberFromJson"/>
            <tag name="jms_serializer.handler" type="libphonenumber\PhoneNumber" direction="serialization"
                 format="xml" method="serializePhoneNumber"/>
            <tag name="jms_serializer.handler" type="libphonenumber\PhoneNumber" direction="deserialization"
                 format="xml" method="deserializePhoneNumberFromXml"/>
            <tag name="jms_serializer.handler" type="libphonenumber\PhoneNumber" direction="serialization"
                 format="yml" method="serializePhoneNumber"/>
            <argument type="service" id="libphonenumber.phone_number_util"/>
        </service>

    </services>

</container>
