<?xml version="1.0" ?>

<container xmlns="http://symfony.com/schema/dic/services"
    xmlns:xsi="http://www.w3.org/2001/XMLSchema-instance"
    xsi:schemaLocation="http://symfony.com/schema/dic/services http://symfony.com/schema/dic/services/services-1.0.xsd">

    <parameters>

        <parameter key="fos_rest.access_denied_listener.class">FOS\RestBundle\EventListener\AccessDeniedListener</parameter>
        <parameter key="fos_rest.access_denied_listener.formats" type="collection"/>

    </parameters>

    <services>

        <service id="fos_rest.access_denied_listener" class="%fos_rest.access_denied_listener.class%">
            <tag name="kernel.event_subscriber" />
            <tag name="monolog.logger" channel="request" />
            <argument>%fos_rest.access_denied_listener.formats%</argument>
            <argument>%twig.exception_listener.controller%</argument>
            <argument type="service" id="logger" on-invalid="null" />
        </service>

    </services>
</container>
