<?xml version="1.0" ?>

<container xmlns="http://symfony.com/schema/dic/services"
    xmlns:xsi="http://www.w3.org/2001/XMLSchema-instance"
    xsi:schemaLocation="http://symfony.com/schema/dic/services http://symfony.com/schema/dic/services/services-1.0.xsd">

    <services>

        <service id="fos_rest.decoder.json" class="FOS\RestBundle\Decoder\JsonDecoder" />

        <service id="fos_rest.decoder.jsontoform" class="FOS\RestBundle\Decoder\JsonToFormDecoder" />

        <service id="fos_rest.decoder.xml" class="FOS\RestBundle\Decoder\XmlDecoder" />

        <service id="fos_rest.decoder_provider" class="FOS\RestBundle\Decoder\ContainerDecoderProvider">
            <argument>%fos_rest.decoders%</argument>
            <call method="setContainer">
                <argument type="service" id="service_container" />
            </call>
        </service>

        <service id="fos_rest.body_listener" class="FOS\RestBundle\EventListener\BodyListener">
            <tag name="kernel.event_listener" event="kernel.request" method="onKernelRequest" />
            <argument type="service" id="fos_rest.decoder_provider" />
        </service>

    </services>
</container>
