<?xml version="1.0" ?>

<container xmlns="http://symfony.com/schema/dic/services"
    xmlns:xsi="http://www.w3.org/2001/XMLSchema-instance"
    xsi:schemaLocation="http://symfony.com/schema/dic/services http://symfony.com/schema/dic/services/services-1.0.xsd">

    <parameters>
        <parameter key="fos_rest.serializer.exclusion_strategy.version" />
        <parameter key="fos_rest.serializer.exclusion_strategy.groups"/>
        <parameter key="fos_rest.view_handler.jsonp.callback_param"/>
        <parameter key="fos_rest.view_handler.jsonp.callback_filter"/>
        <parameter key="fos_rest.view.exception_wrapper_handler" />
    </parameters>

    <services>

        <service id="fos_rest.view_handler.default" class="FOS\RestBundle\View\ViewHandler" public="false">
            <argument>%fos_rest.formats%</argument>
            <argument>%fos_rest.failed_validation%</argument>
            <argument>%fos_rest.empty_content%</argument>
            <argument>%fos_rest.serialize_null%</argument>
            <argument>%fos_rest.force_redirects%</argument>
            <argument>%fos_rest.default_engine%</argument>
            <call method="setContainer">
                <argument type="service" id="service_container" />
            </call>
        </service>

        <service id="fos_rest.view_handler.jsonp" class="FOS\RestBundle\View\JsonpHandler" public="false">
            <argument>%fos_rest.view_handler.jsonp.callback_param%</argument>
            <argument>%fos_rest.view_handler.jsonp.callback_filter%</argument>
        </service>

        <service id="fos_rest.view.exception_wrapper_handler" class="%fos_rest.view.exception_wrapper_handler%" />

    </services>
</container>
